username,nama_lengkap,password
2026004,Siti Fadilah,
2026005,Siti Sanusi,
2026006,Siti bin Darmin,
2026007,Siti bin Jai,
2026008,Siti Situmang,
2026009,Akbar Patrialis,
2026010,Ahmad Fauzi,
2026011,Budi Santoso,
2026012,Citra Lestari,
2026013,Dewi Anggraini,
2026014,Eka Saputra,
2026015,Fajar Nugroho,
2026016,Gilang Ramadhan,
2026017,Hana Nuraini,
2026018,Indra Gunawan,
2026019,Joko Prasetyo,
2026020,Kevin Saputra,
2026021,Lilis Handayani,
2026022,Maya Sari,
2026023,Nanda Pratama,
2026024,Oki Setiawan,
2026025,Putri Maharani,
2026026,Rizki Hidayat,
2026027,Salsa Aulia,
2026028,Tri Wahyuni,
2026029,Umar Faruq,
2026030,Vina Melati,
2026031,Wahyu Kurniawan,
2026032,Yoga Pratama,
2026033,Zahra Nabila,
2026034,Agus Salim,
2026035,Bambang Irawan,
2026036,Cahya Permana,
2026037,Deni Kurnia,
2026038,Evi Susanti,
2026039,Fitri Handayani,
2026040,Gita Permata,
2026041,Hendra Wijaya,
2026042,Intan Safitri,
2026043,Jefri Saputra,
2026044,Kiki Amelia,
2026045,Lukman Hakim,
2026046,Muhammad Rizal,
2026047,Nur Aisyah,
2026048,Oktavia Putri,
2026049,Prima Saputra,
2026050,Qori Annisa,
2026051,Rahmat Hidayat,
2026052,Sri Wahyuni,
2026053,Taufik Hidayat,
2026054,Umi Kulsum,
2026055,Vicky Prasetyo,
2026056,Winda Lestari,
2026057,Yusuf Maulana,
2026058,Zaki Mubarak,
2026059,Anisa Rahma,
2026060,Bella Cahyani,
2026061,Candra Gunawan,
2026062,Dian Puspita,
2026063,Erwin Saputra,
2026064,Febri Yanto,
2026065,Gina Marlina,
2026066,Hafiz Ramadhan,
2026067,Ilham Akbar,
2026068,Jihan Putri,
2026069,Khoirul Anam,
2026070,Lina Marlina,
2026071,Miftahul Huda,
2026072,Nabila Azzahra,
2026073,Olivia Putri,
2026074,Pandu Wijaya,
2026075,Qonita Salsabila,
2026076,Rendi Saputra,
2026077,Siska Amelia,
2026078,Teguh Santoso,
2026079,Ulfah Rahma,
2026080,Vera Oktavia,
2026081,Wawan Setiawan,
2026082,Yeni Marlina,
2026083,Zulfikar Ali,
2026084,Ardiansyah,
2026085,Bagus Saputra,
2026086,Cindy Permata,
2026087,Dimas Prakoso,
2026088,Elsa Fitriani,
2026089,Fauzan Akbar,
2026090,Ghea Puspita,
2026091,Heri Kurniawan,
2026092,Irma Sari,
2026093,Jamaludin,
2026094,Kurnia Putra,
2026095,Lukita Sari,
2026096,Maulana Yusuf,
2026097,Novi Andriani,
2026098,Omar Dani,
2026099,Putra Mahendra,
2026100,Rina Lestari,
2026101,Syifa Nabila,
2026102,Tio Saputra,
2026103,Ujang Suryana
